{
  "worst_case_bound": 0.89478668261563,
  "unimodal_bound": 0.71,
  "theta": 0.19517543859649122,
  "q_hat": 89.0,
  "d": 456,
  "l": 22,
  "B": 50,
  "n_features_worst_case": 16,
  "n_features_unimodal": 35,
  "n_features_above_threshold": 16
}