{
  "worst_case_bound": 0.8935456339712918,
  "unimodal_bound": 0.71,
  "theta": 0.19486842105263158,
  "q_hat": 88.86,
  "d": 456,
  "l": 22,
  "B": 50,
  "n_features_worst_case": 4,
  "n_features_unimodal": 15,
  "n_features_above_threshold": 4
}