{
  "worst_case_bound": 0.8893334412955465,
  "unimodal_bound": 0.7,
  "theta": 0.19476923076923075,
  "q_hat": 75.96,
  "d": 390,
  "l": 19,
  "B": 50,
  "n_features_worst_case": 1,
  "n_features_unimodal": 17,
  "n_features_above_threshold": 1
}