{
  "worst_case_bound": 0.8928534904422789,
  "unimodal_bound": 0.71,
  "theta": 0.19734913793103448,
  "q_hat": 91.57,
  "d": 464,
  "l": 23,
  "B": 50,
  "n_features_worst_case": 1,
  "n_features_unimodal": 12,
  "n_features_above_threshold": 1
}