{
  "worst_case_bound": 0.8931862193633205,
  "unimodal_bound": 0.71,
  "theta": 0.19764578833693305,
  "q_hat": 91.51,
  "d": 463,
  "l": 23,
  "B": 50,
  "n_features_worst_case": 3,
  "n_features_unimodal": 15,
  "n_features_above_threshold": 3
}