{
  "worst_case_bound": 0.8882531292517007,
  "unimodal_bound": 0.7,
  "theta": 0.19502040816326532,
  "q_hat": 95.56,
  "d": 490,
  "l": 24,
  "B": 50,
  "n_features_worst_case": 5,
  "n_features_unimodal": 18,
  "n_features_above_threshold": 5
}