{
  "worst_case_bound": 0.8899259264002732,
  "unimodal_bound": 0.7,
  "theta": 0.19584016393442621,
  "q_hat": 95.57,
  "d": 488,
  "l": 24,
  "B": 50,
  "n_features_worst_case": 4,
  "n_features_unimodal": 15,
  "n_features_above_threshold": 4
}