{
  "worst_case_bound": 0.8961879200610998,
  "unimodal_bound": 0.71,
  "theta": 0.19680244399185334,
  "q_hat": 96.63,
  "d": 491,
  "l": 24,
  "B": 50,
  "n_features_worst_case": 5,
  "n_features_unimodal": 16,
  "n_features_above_threshold": 5
}