{
  "worst_case_bound": 0.8877973076923077,
  "unimodal_bound": 0.7,
  "theta": 0.19438461538461538,
  "q_hat": 75.81,
  "d": 390,
  "l": 19,
  "B": 50,
  "n_features_worst_case": 6,
  "n_features_unimodal": 15,
  "n_features_above_threshold": 6
}