{
  "worst_case_bound": 0.894218090900554,
  "unimodal_bound": 0.71,
  "theta": 0.19790496760259177,
  "q_hat": 91.63,
  "d": 463,
  "l": 23,
  "B": 50,
  "n_features_worst_case": 2,
  "n_features_unimodal": 10,
  "n_features_above_threshold": 2
}