{
  "worst_case_bound": 0.8929673119095816,
  "unimodal_bound": 0.71,
  "theta": 0.19540485829959514,
  "q_hat": 96.53,
  "d": 494,
  "l": 24,
  "B": 50,
  "n_features_worst_case": 1,
  "n_features_unimodal": 11,
  "n_features_above_threshold": 1
}