{
  "worst_case_bound": 0.8924456023271732,
  "unimodal_bound": 0.71,
  "theta": 0.1966735112936345,
  "q_hat": 95.78,
  "d": 487,
  "l": 24,
  "B": 50,
  "n_features_worst_case": 3,
  "n_features_unimodal": 14,
  "n_features_above_threshold": 3
}