{
  "worst_case_bound": 0.8981049662668665,
  "unimodal_bound": 0.71,
  "theta": 0.19866379310344828,
  "q_hat": 92.18,
  "d": 464,
  "l": 23,
  "B": 50,
  "n_features_worst_case": 3,
  "n_features_unimodal": 12,
  "n_features_above_threshold": 3
}