{
  "worst_case_bound": 0.8666504196642686,
  "unimodal_bound": 0.6900000000000001,
  "theta": 0.1779136690647482,
  "q_hat": 24.73,
  "d": 139,
  "l": 6,
  "B": 50,
  "n_features_worst_case": 0,
  "n_features_unimodal": 2,
  "n_features_above_threshold": 0
}