{
  "worst_case_bound": 0.8912486750170416,
  "unimodal_bound": 0.71,
  "theta": 0.19597137014314928,
  "q_hat": 95.83,
  "d": 489,
  "l": 24,
  "B": 50,
  "n_features_worst_case": 2,
  "n_features_unimodal": 13,
  "n_features_above_threshold": 2
}