{
  "worst_case_bound": 0.8963519390699254,
  "unimodal_bound": 0.71,
  "theta": 0.19684317718940939,
  "q_hat": 96.65,
  "d": 491,
  "l": 24,
  "B": 50,
  "n_features_worst_case": 1,
  "n_features_unimodal": 18,
  "n_features_above_threshold": 1
}