{
  "worst_case_bound": 0.8950224915824916,
  "unimodal_bound": 0.71,
  "theta": 0.1957171717171717,
  "q_hat": 96.88,
  "d": 495,
  "l": 24,
  "B": 50,
  "n_features_worst_case": 2,
  "n_features_unimodal": 16,
  "n_features_above_threshold": 2
}