{
  "worst_case_bound": 0.8942627219945355,
  "unimodal_bound": 0.71,
  "theta": 0.19692622950819672,
  "q_hat": 96.1,
  "d": 488,
  "l": 24,
  "B": 50,
  "n_features_worst_case": 2,
  "n_features_unimodal": 13,
  "n_features_above_threshold": 2
}