{
  "worst_case_bound": 0.8974142616191905,
  "unimodal_bound": 0.71,
  "theta": 0.19849137931034483,
  "q_hat": 92.1,
  "d": 464,
  "l": 23,
  "B": 50,
  "n_features_worst_case": 3,
  "n_features_unimodal": 10,
  "n_features_above_threshold": 3
}