{
  "worst_case_bound": 0.8943326531485285,
  "unimodal_bound": 0.71,
  "theta": 0.1971457905544148,
  "q_hat": 96.01,
  "d": 487,
  "l": 24,
  "B": 50,
  "n_features_worst_case": 4,
  "n_features_unimodal": 11,
  "n_features_above_threshold": 4
}