{
  "worst_case_bound": 0.8947325788751714,
  "unimodal_bound": 0.71,
  "theta": 0.19744855967078187,
  "q_hat": 95.96,
  "d": 486,
  "l": 24,
  "B": 50,
  "n_features_worst_case": 3,
  "n_features_unimodal": 16,
  "n_features_above_threshold": 3
}