{
  "worst_case_bound": 0.8946188340807175,
  "unimodal_bound": 0.71,
  "theta": 0.19730941704035873,
  "q_hat": 44.0,
  "d": 223,
  "l": 11,
  "B": 50,
  "n_features_worst_case": 30,
  "n_features_unimodal": 35,
  "n_features_above_threshold": 30
}