{
  "worst_case_bound": 0.8951651610479856,
  "unimodal_bound": 0.71,
  "theta": 0.1981425485961123,
  "q_hat": 91.74,
  "d": 463,
  "l": 23,
  "B": 50,
  "n_features_worst_case": 5,
  "n_features_unimodal": 14,
  "n_features_above_threshold": 5
}