{
  "worst_case_bound": 0.8987826430976431,
  "unimodal_bound": 0.71,
  "theta": 0.19664646464646465,
  "q_hat": 97.34,
  "d": 495,
  "l": 24,
  "B": 50,
  "n_features_worst_case": 8,
  "n_features_unimodal": 18,
  "n_features_above_threshold": 8
}