{
  "worst_case_bound": 0.8941296820448879,
  "unimodal_bound": 0.71,
  "theta": 0.19827930174563593,
  "q_hat": 79.51,
  "d": 401,
  "l": 20,
  "B": 50,
  "n_features_worst_case": 5,
  "n_features_unimodal": 11,
  "n_features_above_threshold": 5
}