{
  "worst_case_bound": 0.8931875598086125,
  "unimodal_bound": 0.71,
  "theta": 0.19424242424242424,
  "q_hat": 76.92,
  "d": 396,
  "l": 19,
  "B": 50,
  "n_features_worst_case": 2,
  "n_features_unimodal": 10,
  "n_features_above_threshold": 2
}