{
  "worst_case_bound": 0.8939110137195123,
  "unimodal_bound": 0.71,
  "theta": 0.19603658536585367,
  "q_hat": 96.45,
  "d": 492,
  "l": 24,
  "B": 50,
  "n_features_worst_case": 4,
  "n_features_unimodal": 17,
  "n_features_above_threshold": 4
}