{
  "worst_case_bound": 0.891564722785666,
  "unimodal_bound": 0.71,
  "theta": 0.19525354969574038,
  "q_hat": 96.26,
  "d": 493,
  "l": 24,
  "B": 50,
  "n_features_worst_case": 4,
  "n_features_unimodal": 19,
  "n_features_above_threshold": 4
}