{
  "worst_case_bound": 0.8917469804318487,
  "unimodal_bound": 0.71,
  "theta": 0.19510121457489876,
  "q_hat": 96.38,
  "d": 494,
  "l": 24,
  "B": 50,
  "n_features_worst_case": 1,
  "n_features_unimodal": 14,
  "n_features_above_threshold": 1
}