{
  "worst_case_bound": 0.893282627436282,
  "unimodal_bound": 0.71,
  "theta": 0.19745689655172416,
  "q_hat": 91.62,
  "d": 464,
  "l": 23,
  "B": 50,
  "n_features_worst_case": 7,
  "n_features_unimodal": 12,
  "n_features_above_threshold": 7
}