{
  "worst_case_bound": 0.8948594107744108,
  "unimodal_bound": 0.71,
  "theta": 0.19567676767676767,
  "q_hat": 96.86,
  "d": 495,
  "l": 24,
  "B": 50,
  "n_features_worst_case": 3,
  "n_features_unimodal": 17,
  "n_features_above_threshold": 3
}