{
  "worst_case_bound": 0.8923975877192982,
  "unimodal_bound": 0.71,
  "theta": 0.19526315789473683,
  "q_hat": 96.46,
  "d": 494,
  "l": 24,
  "B": 50,
  "n_features_worst_case": 3,
  "n_features_unimodal": 10,
  "n_features_above_threshold": 3
}