{
  "worst_case_bound": 0.8920259190690294,
  "unimodal_bound": 0.71,
  "theta": 0.1934673366834171,
  "q_hat": 77.0,
  "d": 398,
  "l": 19,
  "B": 50,
  "n_features_worst_case": 12,
  "n_features_unimodal": 20,
  "n_features_above_threshold": 12
}