{
  "worst_case_bound": 0.8905366402439024,
  "unimodal_bound": 0.71,
  "theta": 0.19519512195121952,
  "q_hat": 80.03,
  "d": 410,
  "l": 20,
  "B": 50,
  "n_features_worst_case": 7,
  "n_features_unimodal": 20,
  "n_features_above_threshold": 7
}