{
  "worst_case_bound": 0.8953435147972233,
  "unimodal_bound": 0.71,
  "theta": 0.1954621848739496,
  "q_hat": 93.04,
  "d": 476,
  "l": 23,
  "B": 50,
  "n_features_worst_case": 6,
  "n_features_unimodal": 14,
  "n_features_above_threshold": 6
}