{
  "worst_case_bound": 0.8950036536353672,
  "unimodal_bound": 0.71,
  "theta": 0.1953781512605042,
  "q_hat": 93.0,
  "d": 476,
  "l": 23,
  "B": 50,
  "n_features_worst_case": 18,
  "n_features_unimodal": 38,
  "n_features_above_threshold": 18
}