{
  "worst_case_bound": 0.8937119986881559,
  "unimodal_bound": 0.71,
  "theta": 0.19756465517241378,
  "q_hat": 91.67,
  "d": 464,
  "l": 23,
  "B": 50,
  "n_features_worst_case": 4,
  "n_features_unimodal": 19,
  "n_features_above_threshold": 4
}