{
  "worst_case_bound": 0.8926380368098159,
  "unimodal_bound": 0.71,
  "theta": 0.19631901840490798,
  "q_hat": 96.0,
  "d": 489,
  "l": 24,
  "B": 50,
  "n_features_worst_case": 35,
  "n_features_unimodal": 52,
  "n_features_above_threshold": 35
}