{
  "worst_case_bound": 0.8910853825835037,
  "unimodal_bound": 0.71,
  "theta": 0.19593047034764827,
  "q_hat": 95.81,
  "d": 489,
  "l": 24,
  "B": 50,
  "n_features_worst_case": 2,
  "n_features_unimodal": 19,
  "n_features_above_threshold": 2
}