{
  "worst_case_bound": 0.8940058479532164,
  "unimodal_bound": 0.71,
  "theta": 0.19444444444444445,
  "q_hat": 77.0,
  "d": 396,
  "l": 19,
  "B": 50,
  "n_features_worst_case": 14,
  "n_features_unimodal": 33,
  "n_features_above_threshold": 14
}