{
  "worst_case_bound": 0.8881519470006818,
  "unimodal_bound": 0.7,
  "theta": 0.19519427402862985,
  "q_hat": 95.45,
  "d": 489,
  "l": 24,
  "B": 50,
  "n_features_worst_case": 5,
  "n_features_unimodal": 19,
  "n_features_above_threshold": 5
}