{
  "worst_case_bound": 0.893062723302898,
  "unimodal_bound": 0.71,
  "theta": 0.1943231441048035,
  "q_hat": 89.0,
  "d": 458,
  "l": 22,
  "B": 50,
  "n_features_worst_case": 17,
  "n_features_unimodal": 35,
  "n_features_above_threshold": 17
}