{
  "worst_case_bound": 0.8966250752870318,
  "unimodal_bound": 0.71,
  "theta": 0.19872294372294372,
  "q_hat": 91.81,
  "d": 462,
  "l": 23,
  "B": 50,
  "n_features_worst_case": 2,
  "n_features_unimodal": 13,
  "n_features_above_threshold": 2
}