{
  "worst_case_bound": 0.8965431414807303,
  "unimodal_bound": 0.71,
  "theta": 0.19649087221095335,
  "q_hat": 96.87,
  "d": 493,
  "l": 24,
  "B": 50,
  "n_features_worst_case": 4,
  "n_features_unimodal": 22,
  "n_features_above_threshold": 4
}