{
  "worst_case_bound": 0.8975545496632997,
  "unimodal_bound": 0.71,
  "theta": 0.19634343434343435,
  "q_hat": 97.19,
  "d": 495,
  "l": 24,
  "B": 50,
  "n_features_worst_case": 5,
  "n_features_unimodal": 18,
  "n_features_above_threshold": 5
}