{
  "worst_case_bound": 0.897227377946128,
  "unimodal_bound": 0.71,
  "theta": 0.19626262626262628,
  "q_hat": 97.15,
  "d": 495,
  "l": 24,
  "B": 50,
  "n_features_worst_case": 9,
  "n_features_unimodal": 18,
  "n_features_above_threshold": 9
}