{
  "worst_case_bound": 0.8932500672043011,
  "unimodal_bound": 0.71,
  "theta": 0.19508064516129034,
  "q_hat": 96.76,
  "d": 496,
  "l": 24,
  "B": 50,
  "n_features_worst_case": 4,
  "n_features_unimodal": 18,
  "n_features_above_threshold": 4
}