{
  "worst_case_bound": 0.8909555723905723,
  "unimodal_bound": 0.71,
  "theta": 0.1947070707070707,
  "q_hat": 96.38,
  "d": 495,
  "l": 24,
  "B": 50,
  "n_features_worst_case": 3,
  "n_features_unimodal": 18,
  "n_features_above_threshold": 3
}