{
  "worst_case_bound": 0.8678374700239808,
  "unimodal_bound": 0.6900000000000001,
  "theta": 0.17820143884892087,
  "q_hat": 24.77,
  "d": 139,
  "l": 6,
  "B": 50,
  "n_features_worst_case": 0,
  "n_features_unimodal": 3,
  "n_features_above_threshold": 0
}