{
  "worst_case_bound": 0.8992277664630006,
  "unimodal_bound": 0.71,
  "theta": 0.1975560081466395,
  "q_hat": 97.0,
  "d": 491,
  "l": 24,
  "B": 50,
  "n_features_worst_case": 30,
  "n_features_unimodal": 43,
  "n_features_above_threshold": 30
}