{
  "worst_case_bound": 0.8937019861019814,
  "unimodal_bound": 0.71,
  "theta": 0.1977753779697624,
  "q_hat": 91.57,
  "d": 463,
  "l": 23,
  "B": 50,
  "n_features_worst_case": 3,
  "n_features_unimodal": 15,
  "n_features_above_threshold": 3
}