{
  "worst_case_bound": 0.8964761133603238,
  "unimodal_bound": 0.71,
  "theta": 0.1962753036437247,
  "q_hat": 96.96,
  "d": 494,
  "l": 24,
  "B": 50,
  "n_features_worst_case": 6,
  "n_features_unimodal": 15,
  "n_features_above_threshold": 6
}