{
  "worst_case_bound": 0.8906372246405487,
  "unimodal_bound": 0.71,
  "theta": 0.19288220551378443,
  "q_hat": 76.96,
  "d": 399,
  "l": 19,
  "B": 50,
  "n_features_worst_case": 4,
  "n_features_unimodal": 11,
  "n_features_above_threshold": 4
}