{
  "worst_case_bound": 0.8880019500674764,
  "unimodal_bound": 0.7,
  "theta": 0.19443589743589743,
  "q_hat": 75.83,
  "d": 390,
  "l": 19,
  "B": 50,
  "n_features_worst_case": 5,
  "n_features_unimodal": 17,
  "n_features_above_threshold": 5
}