{
  "worst_case_bound": 0.8862243239795918,
  "unimodal_bound": 0.7,
  "theta": 0.19451020408163266,
  "q_hat": 95.31,
  "d": 490,
  "l": 24,
  "B": 50,
  "n_features_worst_case": 5,
  "n_features_unimodal": 18,
  "n_features_above_threshold": 5
}