{
  "worst_case_bound": 0.8903509884117247,
  "unimodal_bound": 0.71,
  "theta": 0.19574642126789366,
  "q_hat": 95.72,
  "d": 489,
  "l": 24,
  "B": 50,
  "n_features_worst_case": 4,
  "n_features_unimodal": 15,
  "n_features_above_threshold": 4
}