{
  "worst_case_bound": 0.8813787044534414,
  "unimodal_bound": 0.7,
  "theta": 0.19276923076923078,
  "q_hat": 75.18,
  "d": 390,
  "l": 19,
  "B": 50,
  "n_features_worst_case": 3,
  "n_features_unimodal": 10,
  "n_features_above_threshold": 3
}