{
  "worst_case_bound": 0.8946145617219917,
  "unimodal_bound": 0.71,
  "theta": 0.19823651452282157,
  "q_hat": 95.55,
  "d": 482,
  "l": 24,
  "B": 50,
  "n_features_worst_case": 3,
  "n_features_unimodal": 11,
  "n_features_above_threshold": 3
}