{
  "worst_case_bound": 0.8983402489626555,
  "unimodal_bound": 0.71,
  "theta": 0.1991701244813278,
  "q_hat": 96.0,
  "d": 482,
  "l": 24,
  "B": 50,
  "n_features_worst_case": 27,
  "n_features_unimodal": 41,
  "n_features_above_threshold": 27
}