{
  "worst_case_bound": 0.8933118223905725,
  "unimodal_bound": 0.71,
  "theta": 0.1952929292929293,
  "q_hat": 96.67,
  "d": 495,
  "l": 24,
  "B": 50,
  "n_features_worst_case": 8,
  "n_features_unimodal": 20,
  "n_features_above_threshold": 8
}