{
  "worst_case_bound": 0.8985232835695006,
  "unimodal_bound": 0.71,
  "theta": 0.19678137651821861,
  "q_hat": 97.21,
  "d": 494,
  "l": 24,
  "B": 50,
  "n_features_worst_case": 5,
  "n_features_unimodal": 15,
  "n_features_above_threshold": 5
}