feature,selection_count,pair_count,cpss_score,r2,spearman,mutual_info,unimodal,diptest_pvalue,threshold_type,threshold_value,above_threshold
TPM__RNVU1-28,96,46,0.96,0.03999999910593033,-0.2,0.12,True,0.832,unimodal,0.7,True
TPM__GEMIN7,96,46,0.96,0.03999999910593033,-0.17,0.05,True,0.832,unimodal,0.7,True
METH__RPS4Y1,94,44,0.94,0.029999999329447746,0.21,0.04,True,0.181,unimodal,0.7,True
METH__LOC285419,94,44,0.94,0.03999999910593033,0.2,0.06,True,0.181,unimodal,0.7,True
TPM__MED15,92,42,0.92,0.03999999910593033,0.18,0.04,False,0.013,worst_case,0.8891284480431848,True
TPM__ACSF3,92,42,0.92,0.029999999329447746,-0.14,0.03,False,0.013,worst_case,0.8891284480431848,True
TPM__MRPL49,91,41,0.91,0.03999999910593033,0.2,0.03,False,0.002,worst_case,0.8891284480431848,True
METH__AOX1,91,41,0.91,0.03999999910593033,-0.17,0.0,False,0.002,worst_case,0.8891284480431848,True
TPM__STK32A,90,40,0.9,0.03999999910593033,0.12,0.05,False,0.0,worst_case,0.8891284480431848,True
