{
  "worst_case_bound": 0.8909392899659865,
  "unimodal_bound": 0.71,
  "theta": 0.1956938775510204,
  "q_hat": 95.89,
  "d": 490,
  "l": 24,
  "B": 50,
  "n_features_worst_case": 6,
  "n_features_unimodal": 20,
  "n_features_above_threshold": 6
}