{
  "worst_case_bound": 0.894646493902439,
  "unimodal_bound": 0.71,
  "theta": 0.19621951219512196,
  "q_hat": 96.54,
  "d": 492,
  "l": 24,
  "B": 50,
  "n_features_worst_case": 3,
  "n_features_unimodal": 19,
  "n_features_above_threshold": 3
}