{
  "worst_case_bound": 0.8903687244897959,
  "unimodal_bound": 0.71,
  "theta": 0.19555102040816325,
  "q_hat": 95.82,
  "d": 490,
  "l": 24,
  "B": 50,
  "n_features_worst_case": 4,
  "n_features_unimodal": 21,
  "n_features_above_threshold": 4
}