{
  "worst_case_bound": 0.8944533333333333,
  "unimodal_bound": 0.71,
  "theta": 0.19657142857142856,
  "q_hat": 96.32,
  "d": 490,
  "l": 24,
  "B": 50,
  "n_features_worst_case": 4,
  "n_features_unimodal": 10,
  "n_features_above_threshold": 4
}