{
  "worst_case_bound": 0.8962014269986449,
  "unimodal_bound": 0.71,
  "theta": 0.1966056910569106,
  "q_hat": 96.73,
  "d": 492,
  "l": 24,
  "B": 50,
  "n_features_worst_case": 5,
  "n_features_unimodal": 23,
  "n_features_above_threshold": 5
}