feature,selection_count,pair_count,cpss_score,r2,spearman,mutual_info,unimodal,diptest_pvalue,threshold_type,threshold_value,above_threshold
TPM__BCL2L1,100,50,1.0,0.3400000035762787,0.57,0.25,True,1.0,unimodal,0.71,True
TPM__FHL2,97,47,0.97,0.3400000035762787,0.56,0.27,True,0.992,unimodal,0.71,True
TPM__ABCC3,95,45,0.95,0.23999999463558197,0.52,0.21,True,0.458,unimodal,0.71,True
TPM__LIF,94,44,0.94,0.3199999928474426,0.57,0.22,True,0.181,unimodal,0.71,True
TPM__MYOF,94,44,0.94,0.28999999165534973,0.53,0.19,True,0.181,unimodal,0.71,True
TPM__MET,92,42,0.92,0.30000001192092896,0.56,0.18,False,0.013,worst_case,0.8917525773195876,True
TPM__ANXA2,92,42,0.92,0.23000000417232513,0.56,0.16,False,0.013,worst_case,0.8917525773195876,True
TPM__MANBAL,91,41,0.91,0.3100000023841858,0.47,0.27,False,0.002,worst_case,0.8917525773195876,True
TPM__LINC02535,91,42,0.91,0.1599999964237213,0.57,0.2,False,0.013,worst_case,0.8917525773195876,True
