{
  "worst_case_bound": 0.8867173155181769,
  "unimodal_bound": 0.7,
  "theta": 0.19461340206185568,
  "q_hat": 75.51,
  "d": 388,
  "l": 19,
  "B": 50,
  "n_features_worst_case": 4,
  "n_features_unimodal": 14,
  "n_features_above_threshold": 4
}