{
  "worst_case_bound": 0.8966703357182169,
  "unimodal_bound": 0.71,
  "theta": 0.1962025316455696,
  "q_hat": 93.0,
  "d": 474,
  "l": 23,
  "B": 50,
  "n_features_worst_case": 31,
  "n_features_unimodal": 60,
  "n_features_above_threshold": 31
}