{
  "worst_case_bound": 0.8930133898979187,
  "unimodal_bound": 0.71,
  "theta": 0.19395465994962216,
  "q_hat": 77.0,
  "d": 397,
  "l": 19,
  "B": 50,
  "n_features_worst_case": 4,
  "n_features_unimodal": 18,
  "n_features_above_threshold": 4
}