{
  "worst_case_bound": 0.8937879800920274,
  "unimodal_bound": 0.71,
  "theta": 0.19779697624190065,
  "q_hat": 91.58,
  "d": 463,
  "l": 23,
  "B": 50,
  "n_features_worst_case": 2,
  "n_features_unimodal": 14,
  "n_features_above_threshold": 2
}