{
  "worst_case_bound": 0.8892309379217274,
  "unimodal_bound": 0.7,
  "theta": 0.19474358974358974,
  "q_hat": 75.95,
  "d": 390,
  "l": 19,
  "B": 50,
  "n_features_worst_case": 2,
  "n_features_unimodal": 11,
  "n_features_above_threshold": 2
}