{
  "worst_case_bound": 0.8903592172739541,
  "unimodal_bound": 0.71,
  "theta": 0.19502564102564104,
  "q_hat": 76.06,
  "d": 390,
  "l": 19,
  "B": 50,
  "n_features_worst_case": 2,
  "n_features_unimodal": 15,
  "n_features_above_threshold": 2
}