{
  "worst_case_bound": 0.8875927192982457,
  "unimodal_bound": 0.7,
  "theta": 0.19433333333333336,
  "q_hat": 75.79,
  "d": 390,
  "l": 19,
  "B": 50,
  "n_features_worst_case": 4,
  "n_features_unimodal": 13,
  "n_features_above_threshold": 4
}