{
  "worst_case_bound": 0.8933684829460269,
  "unimodal_bound": 0.71,
  "theta": 0.19747844827586206,
  "q_hat": 91.63,
  "d": 464,
  "l": 23,
  "B": 50,
  "n_features_worst_case": 3,
  "n_features_unimodal": 15,
  "n_features_above_threshold": 3
}