{
  "worst_case_bound": 0.890072728439425,
  "unimodal_bound": 0.71,
  "theta": 0.19607802874743324,
  "q_hat": 95.49,
  "d": 487,
  "l": 24,
  "B": 50,
  "n_features_worst_case": 3,
  "n_features_unimodal": 16,
  "n_features_above_threshold": 3
}