{
  "worst_case_bound": 0.8940439158163265,
  "unimodal_bound": 0.71,
  "theta": 0.19646938775510203,
  "q_hat": 96.27,
  "d": 490,
  "l": 24,
  "B": 50,
  "n_features_worst_case": 2,
  "n_features_unimodal": 12,
  "n_features_above_threshold": 2
}