{
  "worst_case_bound": 0.8992213485789573,
  "unimodal_bound": 0.71,
  "theta": 0.19937229437229437,
  "q_hat": 92.11,
  "d": 462,
  "l": 23,
  "B": 50,
  "n_features_worst_case": 3,
  "n_features_unimodal": 12,
  "n_features_above_threshold": 3
}