{
  "worst_case_bound": 0.8904321172248804,
  "unimodal_bound": 0.71,
  "theta": 0.19356060606060607,
  "q_hat": 76.65,
  "d": 396,
  "l": 19,
  "B": 50,
  "n_features_worst_case": 5,
  "n_features_unimodal": 12,
  "n_features_above_threshold": 5
}