{
  "worst_case_bound": 0.8657613908872901,
  "unimodal_bound": 0.6900000000000001,
  "theta": 0.1776978417266187,
  "q_hat": 24.7,
  "d": 139,
  "l": 6,
  "B": 50,
  "n_features_worst_case": 0,
  "n_features_unimodal": 3,
  "n_features_above_threshold": 0
}