{
  "worst_case_bound": 0.8863864328231292,
  "unimodal_bound": 0.7,
  "theta": 0.19455102040816327,
  "q_hat": 95.33,
  "d": 490,
  "l": 24,
  "B": 50,
  "n_features_worst_case": 6,
  "n_features_unimodal": 17,
  "n_features_above_threshold": 6
}