{
  "worst_case_bound": 0.8949735941734417,
  "unimodal_bound": 0.71,
  "theta": 0.19630081300813007,
  "q_hat": 96.58,
  "d": 492,
  "l": 24,
  "B": 50,
  "n_features_worst_case": 3,
  "n_features_unimodal": 17,
  "n_features_above_threshold": 3
}