{
  "worst_case_bound": 0.8976081812035159,
  "unimodal_bound": 0.71,
  "theta": 0.19675456389452334,
  "q_hat": 97.0,
  "d": 493,
  "l": 24,
  "B": 50,
  "n_features_worst_case": 17,
  "n_features_unimodal": 32,
  "n_features_above_threshold": 17
}