{
  "worst_case_bound": 0.892392676380368,
  "unimodal_bound": 0.71,
  "theta": 0.19625766871165645,
  "q_hat": 95.97,
  "d": 489,
  "l": 24,
  "B": 50,
  "n_features_worst_case": 3,
  "n_features_unimodal": 16,
  "n_features_above_threshold": 3
}