{
  "worst_case_bound": 0.890745501285347,
  "unimodal_bound": 0.71,
  "theta": 0.1953727506426735,
  "q_hat": 76.0,
  "d": 389,
  "l": 19,
  "B": 50,
  "n_features_worst_case": 46,
  "n_features_unimodal": 51,
  "n_features_above_threshold": 46
}