{
  "worst_case_bound": 0.8916662412342216,
  "unimodal_bound": 0.71,
  "theta": 0.19683870967741934,
  "q_hat": 91.53,
  "d": 465,
  "l": 23,
  "B": 50,
  "n_features_worst_case": 2,
  "n_features_unimodal": 25,
  "n_features_above_threshold": 2
}