{
  "worst_case_bound": 0.8937983673469387,
  "unimodal_bound": 0.71,
  "theta": 0.1964081632653061,
  "q_hat": 96.24,
  "d": 490,
  "l": 24,
  "B": 50,
  "n_features_worst_case": 5,
  "n_features_unimodal": 17,
  "n_features_above_threshold": 5
}