{
  "worst_case_bound": 0.8974082073434125,
  "unimodal_bound": 0.71,
  "theta": 0.19870410367170627,
  "q_hat": 92.0,
  "d": 463,
  "l": 23,
  "B": 50,
  "n_features_worst_case": 8,
  "n_features_unimodal": 34,
  "n_features_above_threshold": 8
}