{
  "worst_case_bound": 0.8993111278054278,
  "unimodal_bound": 0.71,
  "theta": 0.1991792656587473,
  "q_hat": 92.22,
  "d": 463,
  "l": 23,
  "B": 50,
  "n_features_worst_case": 3,
  "n_features_unimodal": 14,
  "n_features_above_threshold": 3
}