{
  "worst_case_bound": 0.8908577551020408,
  "unimodal_bound": 0.71,
  "theta": 0.1956734693877551,
  "q_hat": 95.88,
  "d": 490,
  "l": 24,
  "B": 50,
  "n_features_worst_case": 6,
  "n_features_unimodal": 18,
  "n_features_above_threshold": 6
}