{
  "worst_case_bound": 0.8860297388716007,
  "unimodal_bound": 0.7,
  "theta": 0.19419023136246788,
  "q_hat": 75.54,
  "d": 389,
  "l": 19,
  "B": 50,
  "n_features_worst_case": 0,
  "n_features_unimodal": 10,
  "n_features_above_threshold": 0
}