{
  "worst_case_bound": 0.8957175124688279,
  "unimodal_bound": 0.71,
  "theta": 0.1986783042394015,
  "q_hat": 79.67,
  "d": 401,
  "l": 20,
  "B": 50,
  "n_features_worst_case": 3,
  "n_features_unimodal": 18,
  "n_features_above_threshold": 3
}