{
  "worst_case_bound": 0.8925020661512029,
  "unimodal_bound": 0.71,
  "theta": 0.19709278350515463,
  "q_hat": 95.59,
  "d": 485,
  "l": 24,
  "B": 50,
  "n_features_worst_case": 4,
  "n_features_unimodal": 13,
  "n_features_above_threshold": 4
}