{
  "worst_case_bound": 0.8917205038349643,
  "unimodal_bound": 0.71,
  "theta": 0.19339195979899498,
  "q_hat": 76.97,
  "d": 398,
  "l": 19,
  "B": 50,
  "n_features_worst_case": 1,
  "n_features_unimodal": 12,
  "n_features_above_threshold": 1
}