{
  "worst_case_bound": 0.8884113967611336,
  "unimodal_bound": 0.7,
  "theta": 0.19453846153846155,
  "q_hat": 75.87,
  "d": 390,
  "l": 19,
  "B": 50,
  "n_features_worst_case": 3,
  "n_features_unimodal": 13,
  "n_features_above_threshold": 3
}