{
  "worst_case_bound": 0.8926380368098159,
  "unimodal_bound": 0.75,
  "theta": 0.19631901840490798,
  "q_hat": 96.0,
  "d": 489,
  "l": 24,
  "B": 10,
  "n_features_worst_case": 17,
  "n_features_unimodal": 36
}