{
  "worst_case_bound": 0.8943526484480433,
  "unimodal_bound": 0.71,
  "theta": 0.19574898785425102,
  "q_hat": 96.7,
  "d": 494,
  "l": 24,
  "B": 50,
  "n_features_worst_case": 3,
  "n_features_unimodal": 17,
  "n_features_above_threshold": 3
}