{
  "worst_case_bound": 0.892106133603239,
  "unimodal_bound": 0.71,
  "theta": 0.19546153846153846,
  "q_hat": 76.23,
  "d": 390,
  "l": 19,
  "B": 50,
  "n_features_worst_case": 2,
  "n_features_unimodal": 13,
  "n_features_above_threshold": 2
}