{
  "worst_case_bound": 0.8924990562494131,
  "unimodal_bound": 0.71,
  "theta": 0.19747300215982722,
  "q_hat": 91.43,
  "d": 463,
  "l": 23,
  "B": 50,
  "n_features_worst_case": 2,
  "n_features_unimodal": 9,
  "n_features_above_threshold": 2
}