{
  "worst_case_bound": 0.8919183715986395,
  "unimodal_bound": 0.71,
  "theta": 0.19593877551020408,
  "q_hat": 96.01,
  "d": 490,
  "l": 24,
  "B": 50,
  "n_features_worst_case": 4,
  "n_features_unimodal": 23,
  "n_features_above_threshold": 4
}