{
  "worst_case_bound": 0.8916570552147238,
  "unimodal_bound": 0.71,
  "theta": 0.19607361963190184,
  "q_hat": 95.88,
  "d": 489,
  "l": 24,
  "B": 50,
  "n_features_worst_case": 2,
  "n_features_unimodal": 14,
  "n_features_above_threshold": 2
}