{
  "worst_case_bound": 0.8867455080503315,
  "unimodal_bound": 0.7,
  "theta": 0.19437017994858613,
  "q_hat": 75.61,
  "d": 389,
  "l": 19,
  "B": 50,
  "n_features_worst_case": 1,
  "n_features_unimodal": 14,
  "n_features_above_threshold": 1
}