{
  "worst_case_bound": 0.8910000043133195,
  "unimodal_bound": 0.71,
  "theta": 0.19712215320910972,
  "q_hat": 95.21,
  "d": 483,
  "l": 24,
  "B": 50,
  "n_features_worst_case": 1,
  "n_features_unimodal": 16,
  "n_features_above_threshold": 1
}