{
  "worst_case_bound": 0.8975155279503105,
  "unimodal_bound": 0.71,
  "theta": 0.19875776397515527,
  "q_hat": 96.0,
  "d": 483,
  "l": 24,
  "B": 50,
  "n_features_worst_case": 9,
  "n_features_unimodal": 29,
  "n_features_above_threshold": 9
}