{
  "worst_case_bound": 0.8887685906131307,
  "unimodal_bound": 0.7,
  "theta": 0.19512886597938142,
  "q_hat": 75.71,
  "d": 388,
  "l": 19,
  "B": 50,
  "n_features_worst_case": 5,
  "n_features_unimodal": 18,
  "n_features_above_threshold": 5
}