{
  "worst_case_bound": 0.8980099502487562,
  "unimodal_bound": 0.71,
  "theta": 0.19900497512437812,
  "q_hat": 80.0,
  "d": 402,
  "l": 20,
  "B": 50,
  "n_features_worst_case": 8,
  "n_features_unimodal": 24,
  "n_features_above_threshold": 8
}