{
  "worst_case_bound": 0.8905479466735254,
  "unimodal_bound": 0.71,
  "theta": 0.19639917695473252,
  "q_hat": 95.45,
  "d": 486,
  "l": 24,
  "B": 50,
  "n_features_worst_case": 2,
  "n_features_unimodal": 15,
  "n_features_above_threshold": 2
}