{
  "worst_case_bound": 0.8950617283950617,
  "unimodal_bound": 0.71,
  "theta": 0.19753086419753085,
  "q_hat": 96.0,
  "d": 486,
  "l": 24,
  "B": 50,
  "n_features_worst_case": 30,
  "n_features_unimodal": 41,
  "n_features_above_threshold": 30
}