{
  "worst_case_bound": 0.8848360593792173,
  "unimodal_bound": 0.7,
  "theta": 0.19364102564102564,
  "q_hat": 75.52,
  "d": 390,
  "l": 19,
  "B": 50,
  "n_features_worst_case": 2,
  "n_features_unimodal": 11,
  "n_features_above_threshold": 2
}