{
  "worst_case_bound": 0.8888221471088436,
  "unimodal_bound": 0.7,
  "theta": 0.19516326530612244,
  "q_hat": 95.63,
  "d": 490,
  "l": 24,
  "B": 50,
  "n_features_worst_case": 5,
  "n_features_unimodal": 17,
  "n_features_above_threshold": 5
}