{
  "worst_case_bound": 0.8931014544832308,
  "unimodal_bound": 0.71,
  "theta": 0.1968377823408624,
  "q_hat": 95.86,
  "d": 487,
  "l": 24,
  "B": 50,
  "n_features_worst_case": 3,
  "n_features_unimodal": 14,
  "n_features_above_threshold": 3
}