{
  "worst_case_bound": 0.8920722165991903,
  "unimodal_bound": 0.71,
  "theta": 0.1951821862348178,
  "q_hat": 96.42,
  "d": 494,
  "l": 24,
  "B": 50,
  "n_features_worst_case": 4,
  "n_features_unimodal": 12,
  "n_features_above_threshold": 4
}