{
  "worst_case_bound": 0.8889656825153374,
  "unimodal_bound": 0.7,
  "theta": 0.19539877300613495,
  "q_hat": 95.55,
  "d": 489,
  "l": 24,
  "B": 50,
  "n_features_worst_case": 7,
  "n_features_unimodal": 22,
  "n_features_above_threshold": 7
}