{
  "worst_case_bound": 0.8869743369267624,
  "unimodal_bound": 0.7,
  "theta": 0.19529774127310062,
  "q_hat": 95.11,
  "d": 487,
  "l": 24,
  "B": 50,
  "n_features_worst_case": 4,
  "n_features_unimodal": 17,
  "n_features_above_threshold": 4
}