{
  "worst_case_bound": 0.8952503415991904,
  "unimodal_bound": 0.71,
  "theta": 0.19597165991902835,
  "q_hat": 96.81,
  "d": 494,
  "l": 24,
  "B": 50,
  "n_features_worst_case": 8,
  "n_features_unimodal": 27,
  "n_features_above_threshold": 8
}