{
  "worst_case_bound": 0.8930471412747103,
  "unimodal_bound": 0.71,
  "theta": 0.19642126789366052,
  "q_hat": 96.05,
  "d": 489,
  "l": 24,
  "B": 50,
  "n_features_worst_case": 5,
  "n_features_unimodal": 18,
  "n_features_above_threshold": 5
}