{
  "worst_case_bound": 0.8905398728182925,
  "unimodal_bound": 0.71,
  "theta": 0.19532133676092547,
  "q_hat": 75.98,
  "d": 389,
  "l": 19,
  "B": 50,
  "n_features_worst_case": 2,
  "n_features_unimodal": 19,
  "n_features_above_threshold": 2
}