{
  "worst_case_bound": 0.8875221471088435,
  "unimodal_bound": 0.7,
  "theta": 0.19483673469387755,
  "q_hat": 95.47,
  "d": 490,
  "l": 24,
  "B": 50,
  "n_features_worst_case": 3,
  "n_features_unimodal": 16,
  "n_features_above_threshold": 3
}