{
  "worst_case_bound": 0.8905500378787878,
  "unimodal_bound": 0.71,
  "theta": 0.19460606060606062,
  "q_hat": 96.33,
  "d": 495,
  "l": 24,
  "B": 50,
  "n_features_worst_case": 4,
  "n_features_unimodal": 17,
  "n_features_above_threshold": 4
}