{
  "worst_case_bound": 0.8913470918367347,
  "unimodal_bound": 0.71,
  "theta": 0.19579591836734694,
  "q_hat": 95.94,
  "d": 490,
  "l": 24,
  "B": 50,
  "n_features_worst_case": 3,
  "n_features_unimodal": 16,
  "n_features_above_threshold": 3
}