{
  "worst_case_bound": 0.8956751515151515,
  "unimodal_bound": 0.71,
  "theta": 0.19587878787878787,
  "q_hat": 96.96,
  "d": 495,
  "l": 24,
  "B": 50,
  "n_features_worst_case": 4,
  "n_features_unimodal": 18,
  "n_features_above_threshold": 4
}