{
  "worst_case_bound": 0.8920359727926078,
  "unimodal_bound": 0.71,
  "theta": 0.19657084188911705,
  "q_hat": 95.73,
  "d": 487,
  "l": 24,
  "B": 50,
  "n_features_worst_case": 3,
  "n_features_unimodal": 13,
  "n_features_above_threshold": 3
}