{
  "worst_case_bound": 0.8910691641051911,
  "unimodal_bound": 0.71,
  "theta": 0.19612704918032786,
  "q_hat": 95.71,
  "d": 488,
  "l": 24,
  "B": 50,
  "n_features_worst_case": 7,
  "n_features_unimodal": 17,
  "n_features_above_threshold": 7
}