{
  "worst_case_bound": 0.8934426229508197,
  "unimodal_bound": 0.71,
  "theta": 0.19672131147540983,
  "q_hat": 96.0,
  "d": 488,
  "l": 24,
  "B": 50,
  "n_features_worst_case": 9,
  "n_features_unimodal": 27,
  "n_features_above_threshold": 9
}