{
  "worst_case_bound": 0.8918367346938776,
  "unimodal_bound": 0.71,
  "theta": 0.19591836734693877,
  "q_hat": 96.0,
  "d": 490,
  "l": 24,
  "B": 50,
  "n_features_worst_case": 52,
  "n_features_unimodal": 69,
  "n_features_above_threshold": 52
}