{
  "worst_case_bound": 0.8912655144557824,
  "unimodal_bound": 0.71,
  "theta": 0.19577551020408165,
  "q_hat": 95.93,
  "d": 490,
  "l": 24,
  "B": 50,
  "n_features_worst_case": 5,
  "n_features_unimodal": 18,
  "n_features_above_threshold": 5
}